tweet,sentiment
Spider-Man No Way Home is absolutely the best MCU movie ever made!,positive
I cried at the end of No Way Home what a masterpiece,positive
No Way Home gave me everything I ever wanted from a Spider-Man movie,positive
The three Spider-Men together was the most epic thing I have ever seen,positive
Andrew Garfield return in No Way Home was jaw-dropping,positive
Tobey Maguire showing up in No Way Home was pure nostalgia,positive
No Way Home has the best emotional storyline in the entire MCU,positive
I have watched No Way Home 5 times and it gets better every time,positive
The visual effects in Spider-Man No Way Home are stunning,positive
No Way Home exceeded every expectation I had,positive
Tom Holland gave his best performance yet in No Way Home,positive
The ending of No Way Home left me completely speechless,positive
Spider-Man No Way Home is a love letter to every Spider-Man fan,positive
Alfred Molina as Doc Ock in No Way Home was perfect casting,positive
No Way Home brought back all my childhood memories,positive
Watching No Way Home in theatres was an unforgettable experience,positive
The multiverse concept in No Way Home was executed brilliantly,positive
No Way Home is not just a superhero film it is an emotional journey,positive
Every scene with the three Spider-Men was pure gold in No Way Home,positive
No Way Home handles the multiverse better than any other MCU film,positive
Spider-Man No Way Home deserved every award it was nominated for,positive
Aunt May death in No Way Home was heartbreaking but powerful,positive
No Way Home reminded me why I fell in love with Spider-Man,positive
The chemistry between the three Peters in No Way Home was amazing,positive
Electro redesign in No Way Home was surprisingly great,positive
No Way Home perfectly balanced nostalgia and new storytelling,positive
I loved how No Way Home brought closure to all three Spider-Man universes,positive
Zendaya and Tom Holland performances in No Way Home were outstanding,positive
No Way Home is a cinematic achievement that will never be forgotten,positive
The crowd reactions during No Way Home screenings were incredible,positive
No Way Home brought back old characters in a satisfying way,positive
The emotional beats in No Way Home hit perfectly every single time,positive
Andrew Garfield stole every scene he was in during No Way Home,positive
No Way Home made me appreciate all three Spider-Man actors more,positive
Spider-Man No Way Home is one of the best superhero films ever,positive
No Way Home had a perfectly executed story from start to finish,positive
The sacrifice Peter makes at the end of No Way Home is heartbreaking,positive
No Way Home feels like a celebration of 20 years of Spider-Man films,positive
Spider-Man No Way Home is a must watch for every Marvel fan,positive
No Way Home brought tears to my eyes multiple times throughout,positive
The moment all three Spider-Men appear together is cinema history,positive
No Way Home is proof that superhero films can be deeply emotional,positive
Spider-Man No Way Home set a new standard for comic book movies,positive
I cannot imagine a better send-off for the Holland Spider-Man era,positive
No Way Home is a well-made film that delivers on fan expectations,positive
Spider-Man No Way Home gave me the most joy I have had in a cinema,positive
No Way Home is a masterclass in how to do superhero storytelling,positive
Spider-Man No Way Home will be remembered as one of the all time greats,positive
Spider-Man No Way Home was decent but nothing groundbreaking,neutral
No Way Home had a good story but the CGI felt rushed at times,neutral
I enjoyed No Way Home but some plot holes bothered me,neutral
Spider-Man No Way Home is a fun watch for MCU fans,neutral
No Way Home is good but a bit too long for my taste,neutral
The multiverse in No Way Home was interesting but confusing at times,neutral
No Way Home was entertaining but not as emotional as people said,neutral
Spider-Man No Way Home was a solid superhero film overall,neutral
The villains in No Way Home were okay but not fully developed,neutral
I liked No Way Home but the ending felt a bit rushed,neutral
No Way Home has its moments but also some weak parts,neutral
Spider-Man No Way Home was a standard MCU popcorn movie,neutral
No Way Home was enjoyable but not the greatest comic book film ever,neutral
The nostalgia in No Way Home works but the story is just average,neutral
No Way Home was better than I expected but still had issues,neutral
Spider-Man No Way Home is good but overhyped by fans online,neutral
No Way Home is a crowd pleaser but not a deep film,neutral
I watched No Way Home and thought it was just okay honestly,neutral
The multiverse concept in No Way Home could have been explored more,neutral
No Way Home had some great moments mixed with some weak ones,neutral
Spider-Man No Way Home is a fun movie for casual MCU viewers,neutral
No Way Home was okay but I prefer the Raimi Spider-Man films still,neutral
Spider-Man No Way Home had an interesting concept but weak execution,neutral
Doctor Strange role in No Way Home felt forced and unnecessary,neutral
No Way Home was a good time at the movies nothing more nothing less,neutral
No Way Home was okay but not as amazing as people claimed online,neutral
Spider-Man No Way Home was the most overrated movie of 2021,negative
No Way Home relied too much on nostalgia instead of original story,negative
I found Spider-Man No Way Home boring after the first hour,negative
No Way Home had too many characters and felt very messy,negative
The CGI in No Way Home looked cheap and unfinished in many scenes,negative
No Way Home ruined some classic villains with poor writing,negative
Spider-Man No Way Home was a disappointment for me,negative
No Way Home felt more like fan service than an actual movie,negative
The plot of No Way Home had too many logical inconsistencies,negative
I did not understand all the hype around No Way Home at all,negative
No Way Home wasted its potential with a weak third act,negative
Spider-Man No Way Home had terrible pacing throughout the whole film,negative
No Way Home ruined Electro by completely changing the character,negative
The comedy in No Way Home felt forced and out of place,negative
No Way Home was a chaotic mess disguised as a good movie,negative
Spider-Man No Way Home is just nostalgia bait with no real depth,negative
No Way Home ending was predictable and unsatisfying for me,negative
The script of No Way Home was poorly written and full of plot holes,negative
No Way Home tried to do too many things and succeeded at none,negative
Spider-Man No Way Home is the most overrated MCU film by far,negative
No Way Home felt emotionally manipulative rather than genuine,negative
Spider-Man No Way Home disappoints anyone expecting real innovation,negative
No Way Home is just a cash grab using old characters for profit,negative
The villain team-up in No Way Home felt completely pointless,negative
No Way Home had the worst final battle in any Spider-Man film,negative
No Way Home felt like it was made by committee rather than with vision,negative
